customer_id,first_name,last_name,email,signup_date,country
1,Steven,Best,heidi49@example.net,2023-10-21,Brunei Darussalam
2,Tracy,Wilson,lori77@example.com,2026-03-25,Puerto Rico
3,Nicholas,Bryant,aanderson@example.com,2025-02-03,Holy See (Vatican City State)
4,Edward,Casey,berryrobert@example.net,2024-07-26,Macao
5,Amy,Wolf,kenneth79@example.org,2023-09-24,Uruguay
6,Cody,Lee,lbuchanan@example.com,2025-02-15,Suriname
7,Evelyn,Gonzalez,hsnyder@example.org,2024-12-01,United Kingdom
8,Jesse,Bishop,louisreed@example.org,2024-08-01,Niger
9,John,Myers,kmartinez@example.net,2023-05-09,Peru
10,Lisa,Barber,denisewoodward@example.org,2024-01-15,Italy
11,Nichole,Herman,paul13@example.com,2026-02-26,Oman
12,Mark,Nunez,gonzaleztaylor@example.com,2024-02-26,Barbados
13,Michael,Baker,amiller@example.org,2024-11-06,Burundi
14,John,Stewart,sharon84@example.net,2025-07-14,United Arab Emirates
15,Julie,Vance,mcmillanjonathan@example.org,2025-06-20,Anguilla
16,Kathleen,Jones,johnsonelizabeth@example.org,2025-10-08,Solomon Islands
17,Kaylee,Hickman,tanya17@example.com,2025-09-10,Bhutan
18,Sierra,Hodges,uanthony@example.net,2026-01-24,Palau
19,David,Hall,willisshane@example.net,2024-05-25,Holy See (Vatican City State)
20,Alexis,Moss,swilliams@example.net,2024-03-22,Albania
21,Beverly,Grant,tyler04@example.com,2025-10-20,Tajikistan
22,Daniel,Shields,bgregory@example.net,2025-07-14,British Indian Ocean Territory (Chagos Archipelago)
23,John,Brown,amystewart@example.org,2025-04-16,Comoros
24,Ashley,Madden,zrobinson@example.net,2025-11-26,Swaziland
25,Robert,Baker,imoore@example.net,2026-02-28,Ethiopia
26,Matthew,Roberson,ywilson@example.net,2025-11-07,Papua New Guinea
27,Jonathan,Hernandez,kaylee15@example.net,2026-03-10,Marshall Islands
28,Marc,Kennedy,travissanford@example.com,2024-09-16,Western Sahara
29,Jeffery,Rice,smithkristin@example.net,2025-08-19,Mauritius
30,Jimmy,Dalton,sarah17@example.org,2024-04-22,Maldives
31,Catherine,Johnson,wscott@example.org,2024-06-17,Algeria
32,Jeffrey,Brown,danielkelley@example.org,2024-07-04,Sierra Leone
33,Adam,Benton,berrybrian@example.net,2024-08-23,United Arab Emirates
34,Nicholas,Guerrero,christopherwilliams@example.com,2023-04-12,Syrian Arab Republic
35,Jessica,Brandt,asmith@example.net,2023-07-25,Morocco
36,Benjamin,Bryant,gonzalezjimmy@example.com,2024-02-26,Costa Rica
37,Kurt,Wiggins,jamesgonzalez@example.org,2025-11-14,Guadeloupe
38,Danny,Jimenez,courtneymayer@example.net,2023-05-08,Azerbaijan
39,Carrie,Martinez,qanderson@example.net,2025-05-11,San Marino
40,Calvin,Graham,kimberlyaguilar@example.net,2024-10-05,Syrian Arab Republic
41,Melinda,Stevens,andreacalderon@example.net,2024-12-30,Niue
42,Travis,Brock,fergusonblake@example.net,2026-02-11,Georgia
43,Stephanie,Conway,davisnathan@example.org,2024-05-24,Slovenia
44,Laura,Brown,martinezsteven@example.org,2025-05-27,Angola
45,Sara,Walker,mindy77@example.net,2023-08-08,Ireland
46,Michael,White,aaron58@example.com,2024-11-13,Saint Helena
47,Julie,Frank,fergusonkevin@example.net,2024-04-17,Congo
48,Mark,Pena,coxangela@example.net,2024-03-26,Italy
49,Robert,Cantu,jjohnson@example.net,2023-10-17,Antigua and Barbuda
50,Amanda,Atkins,olivialewis@example.org,2024-01-26,Malaysia
51,Nathan,Nelson,karla34@example.com,2024-08-15,Panama
52,Carlos,Ortiz,bhernandez@example.org,2025-03-25,Vanuatu
53,Linda,Jackson,richard35@example.com,2026-02-25,Luxembourg
54,Lisa,White,daleodom@example.net,2024-11-18,Bangladesh
55,Douglas,Peters,john45@example.com,2025-07-02,Cameroon
56,Courtney,Norris,jody16@example.net,2025-08-04,Falkland Islands (Malvinas)
57,Valerie,Foster,colemananthony@example.net,2025-03-12,Ecuador
58,Cameron,Gonzalez,mcmahonjoshua@example.com,2025-10-14,Congo
59,Holly,Cook,michelle10@example.net,2024-02-06,United States Minor Outlying Islands
60,Kathryn,Gray,zgarcia@example.net,2025-06-22,Egypt
61,Kelly,Smith,kgill@example.org,2026-02-19,United States Minor Outlying Islands
62,Alicia,Wilson,stephen24@example.net,2023-05-29,Ethiopia
63,Sarah,Scott,abbottgary@example.org,2024-01-22,Qatar
64,Yesenia,Brown,ttaylor@example.net,2025-05-25,Brunei Darussalam
65,Javier,Rangel,cburton@example.net,2025-01-01,British Indian Ocean Territory (Chagos Archipelago)
66,Lynn,Mcmillan,wvillegas@example.org,2023-08-03,Sao Tome and Principe
67,Larry,Harrington,elizabeth01@example.com,2025-09-04,Grenada
68,Thomas,Mcclure,woodcameron@example.org,2025-04-08,Romania
69,Kathryn,Solis,ggardner@example.net,2024-02-16,Norway
70,Courtney,Rangel,shannon25@example.net,2026-01-18,Kuwait
71,Michelle,Brown,joshua39@example.com,2023-07-24,Netherlands
72,Stephen,Riley,robin68@example.com,2025-05-05,Tuvalu
73,Donald,Roberts,qgarza@example.com,2024-07-19,Puerto Rico
74,Rodney,Henderson,timothyjohnson@example.org,2025-11-26,Bermuda
75,Erica,Middleton,sabrinamcdonald@example.com,2025-03-05,Dominican Republic
76,Tasha,Sanders,crystalmeyer@example.com,2023-10-16,Nigeria
77,Curtis,Fox,williamcarey@example.net,2026-01-25,Belarus
78,Anthony,Campbell,brandonanderson@example.org,2025-10-02,El Salvador
79,Benjamin,Dickerson,jennifer16@example.net,2024-06-23,Oman
80,Timothy,Thomas,ericmiles@example.org,2024-06-01,Suriname
81,Donald,Bryant,rosedavis@example.net,2025-01-19,Aruba
82,Ashley,Griffin,christophercarpenter@example.org,2023-08-27,Nepal
83,Paul,Murphy,andersoncameron@example.org,2025-07-12,Germany
84,Joseph,Taylor,penascott@example.org,2024-03-13,Lesotho
85,Douglas,Duncan,david21@example.com,2024-07-13,Egypt
86,Michelle,Johns,neil23@example.net,2023-09-22,Cote d'Ivoire
87,Bobby,Lee,middletonchristopher@example.org,2024-08-24,Latvia
88,Jeff,Mcdonald,emilyreyes@example.org,2025-03-20,North Macedonia
89,Cassandra,Smith,crystalacosta@example.org,2023-12-13,Papua New Guinea
90,Michael,Jones,nicholas89@example.net,2023-09-05,Japan
91,Michael,Garza,garnerjennifer@example.org,2025-06-21,Papua New Guinea
92,Meredith,Evans,wellssally@example.net,2025-02-23,Mali
93,Mark,Acosta,deanna57@example.com,2023-09-05,Cyprus
94,Randy,Benson,madisonreed@example.net,2025-12-09,Bahrain
95,Cameron,Mills,ujones@example.org,2026-02-02,Zimbabwe
96,Paul,Villegas,jesse41@example.com,2023-09-21,Guadeloupe
97,Luis,Cole,orodriguez@example.org,2024-03-16,Saint Lucia
98,Andrew,Garcia,duncandeborah@example.com,2026-03-20,Liberia
99,Carol,Bell,phenry@example.com,2025-06-18,Anguilla
100,Debra,Williams,mooregabriel@example.org,2025-02-15,Bahrain
101,Gregory,Aguilar,kaitlyn63@example.com,2025-06-06,Chile
102,Dillon,Hamilton,kbowen@example.net,2023-11-17,Pitcairn Islands
103,Jasmine,Walker,njefferson@example.net,2024-04-13,Turkey
104,Tina,Olson,ulewis@example.com,2024-11-21,Germany
105,James,Miller,montgomerygeorge@example.org,2024-11-17,Netherlands
106,Erika,Black,lisabarrera@example.net,2025-01-08,Central African Republic
107,Justin,Lopez,davidblack@example.com,2025-04-23,Anguilla
108,Veronica,Moore,christianderek@example.net,2025-03-20,Sierra Leone
109,Brian,Webb,wilsonelizabeth@example.net,2024-04-06,Uruguay
110,Alexandria,Johnson,william41@example.com,2025-11-23,Guam
111,Lacey,James,riverasteven@example.org,2023-12-17,Armenia
112,Timothy,Bennett,spencerangela@example.com,2023-05-28,Romania
113,Theresa,Allen,jacqueline26@example.net,2023-11-13,Saint Lucia
114,Megan,Burnett,kylegallegos@example.org,2023-05-06,China
115,Anita,Swanson,patricia09@example.com,2025-07-26,Mauritius
116,Peter,Raymond,ochristian@example.net,2025-10-10,French Polynesia
117,Julie,Mitchell,nstephens@example.com,2023-04-09,Bermuda
118,Christina,Ferguson,hernandezedward@example.org,2024-02-21,Saint Helena
119,Dana,House,ashleybrewer@example.org,2025-01-14,Mauritius
120,Amy,Dudley,ericbaker@example.org,2026-01-24,Bosnia and Herzegovina
121,William,Ramirez,alexis30@example.com,2025-09-10,Ethiopia
122,Michaela,Hernandez,ortizjesus@example.net,2025-03-02,Cambodia
123,Carlos,Reed,hollylin@example.net,2024-03-23,Sweden
124,Sean,Smith,mcclurecameron@example.com,2024-11-20,Lebanon
125,Charles,Lucas,wcollins@example.com,2024-10-06,Azerbaijan
126,Christina,Willis,csullivan@example.net,2024-11-30,Cyprus
127,Mark,Duncan,ilawson@example.net,2024-09-08,Malawi
128,Brittany,Alvarez,owhite@example.net,2025-09-04,Nigeria
129,William,Chase,rhernandez@example.org,2025-01-13,Maldives
130,Kelly,Reynolds,michael61@example.com,2023-09-11,Guatemala
131,Danielle,Garza,faith23@example.com,2023-12-23,Uzbekistan
132,Christopher,Poole,christine93@example.com,2024-11-25,Namibia
133,Laura,Campbell,matthewvaughn@example.com,2024-07-21,Finland
134,Anthony,Fernandez,briangregory@example.net,2024-10-07,Iran
135,Jeffrey,Scott,josephroberto@example.net,2024-06-25,Paraguay
136,Kimberly,Calderon,jamesmason@example.org,2026-01-11,Jordan
137,Matthew,Davis,williamwebb@example.org,2025-11-18,Botswana
138,Faith,Cole,sheila21@example.org,2023-08-10,Bosnia and Herzegovina
139,Omar,Gross,baileywilliam@example.com,2024-02-04,Cote d'Ivoire
140,Gary,Ramirez,calvin67@example.org,2024-12-26,Brazil
141,Nicole,Anderson,lisabrock@example.net,2025-10-01,Saudi Arabia
142,Kevin,Powers,cindyphelps@example.org,2024-08-31,Antigua and Barbuda
143,Daniel,Jimenez,sarahhess@example.net,2025-03-02,Cocos (Keeling) Islands
144,Sandy,Hogan,sarahweeks@example.net,2023-06-01,Saint Barthelemy
145,Patrick,Davis,rdavis@example.com,2024-02-15,Slovenia
146,Alyssa,Austin,shawndickson@example.net,2025-10-13,Turkey
147,Steven,Cervantes,katherine12@example.com,2024-01-14,North Macedonia
148,Brandi,Velasquez,amy56@example.org,2025-03-28,Saint Pierre and Miquelon
149,Sarah,Callahan,mathewsalexander@example.com,2023-11-03,Pitcairn Islands
150,Theresa,Robertson,anthonygreen@example.org,2023-04-18,Namibia
151,Bobby,Norman,david92@example.com,2024-08-19,British Indian Ocean Territory (Chagos Archipelago)
152,Victoria,Drake,rschmidt@example.org,2025-11-26,Georgia
153,Debbie,Townsend,russellkelly@example.net,2025-05-19,Morocco
154,Jacqueline,Flynn,ejones@example.net,2025-04-05,Haiti
155,Stacey,Jackson,fowleremily@example.net,2024-09-06,New Caledonia
156,Whitney,Carpenter,yangtroy@example.com,2025-10-10,Saint Barthelemy
157,Justin,Fisher,davilaanthony@example.com,2024-12-10,Timor-Leste
158,Kimberly,Atkinson,munozmelinda@example.net,2025-11-12,Martinique
159,Jennifer,Cox,derrick00@example.org,2025-01-09,Kiribati
160,Mary,Benson,johnjones@example.net,2024-12-06,Palestinian Territory
161,Terri,Yoder,louis71@example.com,2026-04-01,Holy See (Vatican City State)
162,Alexandra,Wilson,franklin91@example.org,2023-07-17,Kenya
163,Thomas,Campbell,jeffreytran@example.com,2025-01-09,Nigeria
164,Matthew,Johnson,pmcgee@example.com,2023-09-12,Senegal
165,Stephanie,Williams,hansenrichard@example.org,2023-08-07,Cote d'Ivoire
166,Scott,Blackburn,stevensonariana@example.net,2024-02-12,Guadeloupe
167,Matthew,Navarro,amy59@example.net,2024-04-23,Holy See (Vatican City State)
168,Michael,Rose,barrerajulie@example.net,2025-12-30,Mozambique
169,Zachary,Fletcher,millerkeith@example.org,2024-06-09,Slovakia (Slovak Republic)
170,Timothy,Glass,weeksfelicia@example.com,2023-12-19,Singapore
171,Dakota,Jennings,ynelson@example.net,2024-09-28,Venezuela
172,Julian,Charles,harveydavid@example.org,2024-05-19,Madagascar
173,Matthew,Bray,jonathanallen@example.com,2023-04-25,Uruguay
174,Molly,Krueger,amybeard@example.org,2023-10-05,Monaco
175,Gregory,Ramirez,bross@example.com,2023-07-01,Argentina
176,William,White,dawn76@example.net,2025-06-17,Montenegro
177,Anthony,Dudley,markturner@example.org,2025-04-22,Tonga
178,Victoria,Wagner,smithjason@example.com,2024-07-15,Nigeria
179,Pam,Sanford,langzachary@example.net,2025-05-24,San Marino
180,George,Carter,zmartinez@example.net,2023-11-26,Greenland
181,Sharon,Edwards,ehansen@example.org,2024-03-03,Northern Mariana Islands
182,Daniel,Dalton,martinezhelen@example.net,2025-08-20,Niue
183,Sharon,Webb,helenjackson@example.com,2023-08-27,Bolivia
184,Benjamin,Miranda,elizabeth93@example.net,2025-09-22,French Southern Territories
185,Elizabeth,Harrison,joneselizabeth@example.org,2023-05-19,Gabon
186,Tracy,Ramirez,dmcneil@example.org,2023-11-28,Palau
187,John,Edwards,jacobmartinez@example.net,2025-12-16,Haiti
188,Brenda,Dunn,harrisonbarbara@example.org,2024-08-16,Albania
189,Kenneth,Davis,larrygarcia@example.org,2025-01-10,Kenya
190,William,Massey,crystal92@example.com,2023-06-07,Tajikistan
191,Mary,Robertson,sosavalerie@example.net,2023-11-04,Algeria
192,Stacy,Shields,rowlandmelissa@example.net,2024-12-16,Guadeloupe
193,William,Jones,ianstephenson@example.net,2023-08-15,Hong Kong
194,Thomas,Savage,douglasrobles@example.net,2026-02-24,Somalia
195,Theresa,Fleming,richardwarner@example.org,2023-07-18,Kiribati
196,Aaron,Stanley,adamknight@example.org,2025-12-25,Samoa
197,Katherine,Hughes,vernonhuff@example.org,2025-02-24,Sudan
198,Angela,Little,davidhuffman@example.org,2026-01-02,Turkmenistan
199,Stacey,Banks,cherryraymond@example.org,2025-04-15,Austria
200,William,Buck,gordonemma@example.org,2025-01-14,Luxembourg
201,Erik,Hoffman,michael15@example.org,2025-03-10,Somalia
202,Erica,Davis,melissamiller@example.net,2025-04-03,Iraq
203,Megan,Castillo,lbutler@example.com,2023-04-12,Israel
204,Brooke,Coleman,stevenhardy@example.com,2024-07-12,Martinique
205,Nathan,Wallace,tara89@example.net,2023-12-08,Thailand
206,Mary,Hebert,joshuawhite@example.net,2023-10-12,Armenia
207,Jonathon,Blackburn,smithjames@example.org,2023-09-22,Faroe Islands
208,Ashley,Santos,tracypotter@example.org,2024-07-13,American Samoa
209,Sherri,Nunez,kevingarcia@example.org,2026-01-01,Cambodia
210,Christopher,Jones,hhunter@example.com,2025-05-19,Colombia
211,Danielle,Fields,grantdale@example.com,2025-07-20,South Africa
212,Gary,Lang,cortezchristine@example.net,2024-05-13,Saint Barthelemy
213,Richard,Huber,sonyahughes@example.com,2025-01-13,Luxembourg
214,Jennifer,Jimenez,haleallison@example.org,2026-02-25,British Indian Ocean Territory (Chagos Archipelago)
215,Rachel,Hartman,rbaldwin@example.org,2024-09-03,Samoa
216,Damon,Kelly,uallen@example.net,2023-11-28,American Samoa
217,Gary,Hart,melissa53@example.com,2023-10-19,Mongolia
218,Chelsea,Hernandez,dillonmccormick@example.org,2023-05-03,Lesotho
219,Donna,Hays,owensandrea@example.org,2025-10-03,Gambia
220,Emily,Coleman,curtis09@example.org,2025-04-25,Sao Tome and Principe
221,Andrea,Skinner,espinozawillie@example.net,2023-05-17,Vietnam
222,Brianna,Richardson,wilsonshannon@example.org,2023-06-26,Palau
223,Sarah,Goodman,murphyvernon@example.org,2023-09-30,French Southern Territories
224,Seth,Simpson,brianfrazier@example.org,2023-09-12,Bosnia and Herzegovina
225,William,Hinton,adriennejackson@example.com,2024-06-04,Tanzania
226,Sharon,Buchanan,liuashley@example.net,2024-11-26,Barbados
227,Debra,Logan,iconrad@example.com,2023-12-22,Qatar
228,Sean,Duarte,duranamy@example.org,2025-05-21,Guadeloupe
229,Justin,Frey,ashleyrodriguez@example.net,2024-08-25,Mauritius
230,Jerry,Coleman,mfarrell@example.com,2026-02-18,Slovenia
231,Thomas,Jones,wedwards@example.org,2026-03-27,British Virgin Islands
232,Peter,Livingston,jasonpowers@example.com,2023-10-24,Sudan
233,Michelle,Thompson,amanda40@example.org,2026-03-29,Guernsey
234,Jeffrey,Berger,richard01@example.com,2025-02-06,Turkmenistan
235,Nicholas,Kelly,mlewis@example.com,2025-11-09,Northern Mariana Islands
236,Christy,Bean,sabrinagrant@example.org,2023-08-24,Greece
237,Shannon,Banks,timothysmith@example.com,2024-06-18,Gabon
238,Nathan,Mcneil,oadams@example.net,2024-08-25,Tanzania
239,Larry,Meza,colejessica@example.org,2024-11-10,Sierra Leone
240,Kyle,Johnson,gromero@example.org,2024-07-30,Turks and Caicos Islands
241,Angelica,Garcia,abigailrobinson@example.com,2023-07-21,Vanuatu
242,Anthony,Martinez,allenrachel@example.com,2024-03-13,Belarus
243,Kenneth,Dunlap,maria63@example.org,2025-01-26,Nigeria
244,Leah,Gallagher,jadams@example.org,2025-10-17,Belarus
245,Donald,Henry,reginasalazar@example.net,2025-11-28,French Guiana
246,Tina,Mayer,epalmer@example.net,2024-02-23,Philippines
247,Douglas,Johnston,floreskim@example.net,2026-03-30,Holy See (Vatican City State)
248,Jacqueline,Pena,xsanford@example.com,2024-10-31,Croatia
249,Marc,Rodriguez,kevin83@example.org,2026-02-22,Cook Islands
250,Kevin,Rodriguez,jose93@example.org,2025-10-23,Anguilla
251,John,Baker,cwalker@example.org,2026-02-02,Cameroon
252,Bethany,Gordon,elizabethallen@example.net,2023-10-27,Afghanistan
253,David,Romero,robert92@example.net,2025-04-26,Finland
254,Sandra,Kelly,bwells@example.com,2024-04-20,Myanmar
255,Christina,Lee,katherinehernandez@example.com,2026-01-09,Barbados
256,Todd,Sanchez,powerskimberly@example.org,2025-04-10,Argentina
257,Walter,Barnett,meganedwards@example.org,2023-05-07,Israel
258,Timothy,Odonnell,christinagates@example.com,2023-07-12,Germany
259,Stephanie,Adams,robertburton@example.org,2024-09-01,Pitcairn Islands
260,Anthony,Bell,gbriggs@example.org,2025-12-18,Saudi Arabia
261,Ashley,Nunez,leejennifer@example.com,2025-03-09,Bermuda
262,Daniel,Conner,debrajohnson@example.net,2025-12-13,Dominica
263,Charles,Johnston,edwardneal@example.com,2023-06-23,Lesotho
264,Deanna,Mason,xadams@example.com,2023-05-16,Indonesia
265,Rachel,Todd,teresacox@example.org,2024-01-18,Canada
266,Cindy,Davis,howardemily@example.com,2024-10-06,Lesotho
267,Dave,Burton,mlewis@example.org,2023-12-10,Azerbaijan
268,Kimberly,Ward,andre49@example.net,2026-03-11,Falkland Islands (Malvinas)
269,Christine,Miller,abigail50@example.net,2026-01-27,Rwanda
270,Jeff,Campbell,robert16@example.org,2023-07-22,Hungary
271,Thomas,Rowland,samantha34@example.org,2023-10-23,Malawi
272,Bethany,Winters,kathryn77@example.net,2024-12-06,Papua New Guinea
273,Victoria,Nguyen,tyler99@example.org,2024-03-04,Saint Barthelemy
274,Christopher,Wells,murrayangela@example.net,2023-09-26,Palau
275,Teresa,Hart,frankmeyer@example.com,2024-07-05,Denmark
276,Donna,Pittman,amandarogers@example.net,2024-08-07,China
277,Brittany,Bowman,qtorres@example.net,2024-08-30,Guadeloupe
278,John,Hayden,uyoder@example.net,2026-01-01,Iraq
279,David,Wong,cannonjohn@example.net,2024-11-21,Japan
280,Scott,Peck,donnapowell@example.org,2023-05-25,Macao
281,Ashley,Parrish,williamssteven@example.org,2023-11-17,Ecuador
282,Christopher,Walters,debraburton@example.com,2023-10-03,Bolivia
283,Hannah,Garcia,cassieking@example.org,2024-12-18,Brunei Darussalam
284,Austin,Hart,connor87@example.net,2024-01-11,Antigua and Barbuda
285,Kenneth,Fletcher,cooperjoseph@example.com,2023-06-27,Angola
286,Juan,Alvarado,xbennett@example.com,2025-11-04,Japan
287,Ricardo,Wilson,nramos@example.net,2023-05-06,Timor-Leste
288,Danny,Myers,joshua51@example.org,2023-08-17,North Macedonia
289,Corey,Price,lisaabbott@example.net,2023-12-07,Nicaragua
290,Nicholas,Schneider,webermarilyn@example.com,2024-05-27,China
291,Cory,Benjamin,amymarshall@example.com,2025-04-12,Germany
292,Melissa,Harvey,wyoung@example.org,2024-07-19,Pitcairn Islands
293,Jennifer,Jones,trevorbuchanan@example.net,2024-11-16,Chad
294,George,Long,robertstephens@example.net,2025-04-15,Saint Barthelemy
295,Emily,Stewart,richardmanning@example.org,2025-12-17,Niue
296,Bradley,Garcia,sullivandaniel@example.com,2023-07-04,Japan
297,Melissa,Brown,proctordavid@example.net,2026-03-29,El Salvador
298,Kimberly,Gibbs,christina38@example.com,2024-11-17,Turkey
299,Lance,Spencer,vpoole@example.org,2024-10-11,Indonesia
300,Tina,Best,michael66@example.com,2024-04-22,Benin
301,Justin,Fuentes,fuentesrebecca@example.com,2023-06-13,Finland
302,Lindsay,Leach,vanessa02@example.org,2025-01-07,Guyana
303,Kelly,Harris,leedanielle@example.net,2024-05-13,Cameroon
304,Travis,Gay,richardsjoseph@example.net,2023-10-17,Kiribati
305,Shawn,Mckay,jose12@example.org,2024-10-24,Central African Republic
306,Antonio,Ray,rhondaford@example.org,2023-06-23,Guernsey
307,Timothy,Mcintyre,kmelton@example.org,2024-12-17,United States Virgin Islands
308,Greg,Johnson,qgarcia@example.com,2023-12-02,Korea
309,Susan,Walsh,whitejoseph@example.com,2023-10-14,Brunei Darussalam
310,Jennifer,Knight,dwilkerson@example.org,2025-01-07,Guyana
311,Christina,Carr,drakemichael@example.com,2025-12-07,Kiribati
312,Michelle,Holland,lschneider@example.com,2023-12-10,Sierra Leone
313,John,Alexander,johnjohnson@example.com,2023-10-19,Dominican Republic
314,Becky,Strickland,tony06@example.org,2023-04-30,Senegal
315,Andrew,Wilson,cooperjason@example.com,2026-02-18,Ireland
316,Nicole,Tucker,wrodgers@example.org,2025-07-11,Vanuatu
317,Beth,Johnson,pstevenson@example.net,2025-08-11,Philippines
318,Holly,Edwards,tammythompson@example.net,2024-03-16,Finland
319,Alex,White,jonesdaniel@example.com,2025-09-01,Swaziland
320,Devin,Jordan,rcervantes@example.net,2025-06-26,Switzerland
321,Sara,Torres,fritzbrian@example.net,2025-07-28,Holy See (Vatican City State)
322,Shannon,Gibbs,kirsten97@example.com,2023-08-17,Guadeloupe
323,Troy,Ross,fieldsryan@example.net,2025-05-07,Western Sahara
324,Angel,Frazier,smithsylvia@example.com,2026-02-22,Canada
325,Taylor,Lee,alison24@example.net,2023-07-10,Liberia
326,Ralph,Parrish,rlong@example.com,2023-07-21,Vanuatu
327,Nicholas,Taylor,isabelscott@example.net,2023-08-16,Heard Island and McDonald Islands
328,Shelby,Sanchez,tjohnson@example.net,2023-04-30,Uzbekistan
329,Jessica,Brown,fowlerwilliam@example.com,2026-03-25,Sudan
330,Christopher,Medina,jacksondrew@example.com,2025-06-30,Mexico
331,Mitchell,Johnson,zperez@example.net,2023-04-26,Svalbard & Jan Mayen Islands
332,Mary,Smith,donnavillarreal@example.com,2025-08-13,Algeria
333,Courtney,Schwartz,joshuachristian@example.org,2025-12-10,Northern Mariana Islands
334,Allison,Welch,lozanobrian@example.com,2024-07-13,Nepal
335,Sharon,Weber,chavezkatherine@example.com,2023-05-25,Guatemala
336,Eugene,Howard,angela28@example.net,2026-03-31,Congo
337,Michael,Scott,hayesvincent@example.org,2025-06-05,Cote d'Ivoire
338,Jodi,Lopez,emilywoods@example.org,2023-09-17,Liechtenstein
339,Nicole,Bernard,eric80@example.com,2026-02-20,Chad
340,Sheryl,Robinson,newtonamanda@example.net,2024-08-23,Yemen
341,David,Acevedo,jaclyn55@example.org,2025-06-06,El Salvador
342,Tracey,Nunez,christophercarrillo@example.com,2024-12-25,Kyrgyz Republic
343,Richard,Mcmahon,rachel05@example.net,2024-05-15,Albania
344,Russell,Hendricks,cmiller@example.com,2024-07-07,North Macedonia
345,Rebecca,Rosario,gallaghersara@example.org,2023-07-16,United States of America
346,Kenneth,Jimenez,elijahsanchez@example.com,2023-08-28,Taiwan
347,Tony,Roberts,mcdanieleric@example.org,2023-10-20,Djibouti
348,Beverly,Arnold,bryanjones@example.com,2025-08-28,British Indian Ocean Territory (Chagos Archipelago)
349,Donald,Daniel,stephenarnold@example.org,2024-11-12,Kyrgyz Republic
350,Christopher,Chandler,aaron54@example.org,2023-05-07,Comoros
351,Joseph,Holloway,anthony63@example.com,2026-02-10,India
352,Brandon,Cole,marchill@example.net,2024-08-15,Netherlands
353,Jennifer,Clark,mdixon@example.org,2024-08-27,Mauritania
354,Gary,Doyle,stephanie92@example.com,2023-09-30,Uganda
355,Allison,Hampton,epowell@example.org,2024-12-18,Mauritania
356,Karina,Bennett,benjaminfigueroa@example.org,2024-06-21,Germany
357,Victoria,Lynch,igarza@example.org,2023-10-31,Lebanon
358,Michael,Davis,petersonclifford@example.net,2025-01-25,Saint Lucia
359,April,Jones,jenniferrodriguez@example.org,2024-11-07,Ireland
360,Thomas,Mayer,linda49@example.org,2024-06-19,Eritrea
361,Meghan,Miller,diane72@example.org,2025-10-02,Algeria
362,Karen,Houston,harrisonalexa@example.com,2023-04-19,El Salvador
363,Ryan,Conner,kellycaldwell@example.net,2024-10-09,Monaco
364,Jacob,Smith,rebecca99@example.org,2025-11-30,Sierra Leone
365,Kevin,Carter,linda18@example.org,2024-06-26,Romania
366,Lindsey,Nelson,cjensen@example.net,2023-12-28,Mauritania
367,Gregory,Hansen,scottlaura@example.org,2025-04-12,Burkina Faso
368,James,Bishop,katrina07@example.com,2025-11-03,Saint Kitts and Nevis
369,Cathy,Ramirez,uweaver@example.com,2024-08-25,Isle of Man
370,Brian,Conway,samuel79@example.org,2025-01-04,Kuwait
371,Leslie,Perez,vfigueroa@example.org,2026-03-31,Turkey
372,Patrick,Johnson,frychristopher@example.com,2023-05-24,Guernsey
373,Tyler,Peterson,brenda28@example.net,2024-04-26,Iran
374,Jennifer,Taylor,lucasapril@example.net,2024-09-24,Israel
375,Cynthia,Briggs,maria86@example.net,2025-09-13,Finland
376,Chloe,Mccormick,taylorcourtney@example.net,2023-08-10,United States Virgin Islands
377,Nathaniel,Johnson,colleen65@example.com,2025-01-13,Indonesia
378,William,Hurley,uharris@example.org,2024-03-15,Colombia
379,Marcus,Garcia,claytongutierrez@example.net,2024-10-27,Equatorial Guinea
380,Jacqueline,Knight,uromero@example.net,2023-07-31,Burkina Faso
381,James,Ramirez,sandragill@example.net,2025-11-08,France
382,Gary,Rowe,troy76@example.net,2023-12-25,Lao People's Democratic Republic
383,Jennifer,Pena,thompsonamber@example.net,2025-10-07,Kazakhstan
384,Christine,Harper,ashleymcguire@example.com,2025-06-28,Comoros
385,Jerry,Holder,emily14@example.com,2023-12-05,Australia
386,Sandra,Fuentes,gcole@example.net,2025-03-03,Colombia
387,Robert,Jones,eduardogilbert@example.org,2023-10-24,Chile
388,Janet,Ellis,wthompson@example.com,2025-11-22,Ireland
389,Jennifer,Malone,christina69@example.org,2025-09-12,Northern Mariana Islands
390,Rachel,Williams,jonesjustin@example.org,2025-06-15,Cook Islands
391,Shannon,Richardson,nicole64@example.net,2023-08-25,Paraguay
392,Scott,Murphy,dixonheather@example.com,2024-02-26,Mauritius
393,Kenneth,Johns,daniel10@example.com,2025-12-19,Pakistan
394,Bryan,Henderson,ralph68@example.com,2024-12-02,Rwanda
395,Megan,Newton,alexajackson@example.org,2023-10-30,Mozambique
396,Shane,Howard,laurenmatthews@example.com,2025-09-20,Canada
397,Kayla,Pena,wrightkrystal@example.org,2025-07-29,Slovakia (Slovak Republic)
398,Gina,Stokes,perezfrank@example.com,2023-10-24,Netherlands
399,John,Day,yburnett@example.org,2025-11-11,Kuwait
400,Michael,Rios,jenniferbeck@example.org,2024-05-01,Mauritania
401,Jeanette,Brown,dorothy19@example.net,2026-02-20,British Indian Ocean Territory (Chagos Archipelago)
402,Jessica,Henderson,alexanderthompson@example.com,2026-02-17,India
403,Nicole,Cook,oreed@example.com,2025-05-10,Myanmar
404,Diana,Little,heatherhawkins@example.com,2024-01-07,Zimbabwe
405,Jeffery,Henderson,mallory70@example.org,2024-01-10,Timor-Leste
406,Cody,Bailey,jcole@example.org,2024-10-01,Venezuela
407,Erin,Mcbride,fullerdebra@example.org,2024-10-04,Sudan
408,Kathleen,Morris,karenparker@example.net,2025-01-04,Kiribati
409,Brandon,Dean,andersoncassandra@example.org,2025-01-27,British Indian Ocean Territory (Chagos Archipelago)
410,Megan,Chavez,apowers@example.org,2025-11-17,Cyprus
411,Dustin,Zimmerman,ariel87@example.com,2023-05-08,Central African Republic
412,Kathleen,Herrera,halltimothy@example.com,2023-09-13,Iran
413,Connor,King,michellechapman@example.net,2023-12-03,Sao Tome and Principe
414,Johnny,Petersen,samuelbarnes@example.com,2024-08-01,Burundi
415,Virginia,Ayers,charles02@example.com,2025-11-20,Timor-Leste
416,Marc,Valdez,sharon73@example.org,2023-10-28,New Zealand
417,Anita,Luna,jackie38@example.net,2025-10-11,Guernsey
418,Tony,Elliott,tinanelson@example.com,2025-01-29,United Kingdom
419,Travis,Smith,nmoore@example.org,2024-01-08,Iceland
420,Sara,Kennedy,cranerobert@example.org,2024-08-22,Tunisia
421,Paul,Turner,umorris@example.org,2024-07-17,Belgium
422,Shannon,Brewer,sandragibson@example.net,2024-11-08,Azerbaijan
423,Andrew,Anderson,trevor03@example.org,2026-02-16,Guinea-Bissau
424,Susan,Moore,kellyvazquez@example.org,2023-09-01,Thailand
425,Kathryn,Dodson,christiankennedy@example.net,2025-10-23,Guyana
426,Ashley,Duffy,probinson@example.net,2023-05-19,Bangladesh
427,Matthew,Ho,omcdowell@example.net,2025-03-26,Cyprus
428,Alyssa,Craig,michael81@example.com,2025-07-03,Nepal
429,Greg,Lawson,victor95@example.net,2025-12-05,Zimbabwe
430,Cathy,Jones,brandylopez@example.com,2024-05-17,Saint Martin
431,David,Kramer,mccoyjohn@example.com,2025-04-26,Philippines
432,Theresa,Schmidt,kathleenmontgomery@example.org,2023-10-22,Kiribati
433,Paula,Mcgee,kkelly@example.org,2024-01-20,Haiti
434,April,Gardner,ibishop@example.org,2025-11-04,Somalia
435,Mark,Ellis,owhite@example.net,2023-10-16,Trinidad and Tobago
436,Blake,Thompson,zsmith@example.net,2025-05-14,Belgium
437,Danielle,Davis,allenrobert@example.org,2023-09-15,Benin
438,Kristin,Hill,lisa54@example.com,2023-07-17,Mayotte
439,Christopher,Tucker,moraleskayla@example.org,2025-10-01,Greece
440,Linda,Brewer,pallen@example.net,2024-09-05,Guinea-Bissau
441,Timothy,Tate,justin38@example.net,2025-10-09,Angola
442,Michelle,Adams,opayne@example.org,2025-07-20,Monaco
443,Brendan,Lopez,rebeccaarcher@example.net,2024-04-24,Swaziland
444,Kevin,Lyons,georgeburnett@example.net,2023-04-11,Jersey
445,Renee,Santiago,nicholemiller@example.net,2024-03-23,Moldova
446,Nathan,White,jamesgarner@example.org,2024-04-30,Congo
447,Kimberly,Lambert,shermanvictoria@example.com,2025-06-16,Guinea-Bissau
448,Cynthia,Daniels,brettmueller@example.net,2024-10-01,Burkina Faso
449,Autumn,Hill,nathanrodriguez@example.org,2025-11-07,Suriname
450,Eric,Shaw,chelseycarter@example.org,2025-08-05,Saint Barthelemy
451,Marco,Schultz,rdiaz@example.com,2026-01-31,Cameroon
452,Susan,Brown,tonyarogers@example.com,2025-12-27,Slovenia
453,Lauren,Ryan,brian72@example.org,2024-08-22,United States Virgin Islands
454,Jennifer,Thomas,nortonphilip@example.net,2025-10-17,Togo
455,Jessica,House,kbarrett@example.net,2024-09-07,Puerto Rico
456,Kristina,Phillips,justinnelson@example.com,2024-03-16,Belize
457,Wesley,Hansen,madelinesullivan@example.org,2023-05-14,Bulgaria
458,Timothy,Smith,tammywatson@example.com,2025-08-23,Somalia
459,Todd,Duncan,parkangela@example.com,2024-07-29,Serbia
460,Debra,Arias,jennifer53@example.net,2024-12-03,Malawi
461,David,Thompson,carsonkimberly@example.net,2024-04-25,Sao Tome and Principe
462,Charlotte,Lester,emeyer@example.org,2023-06-23,Albania
463,Joseph,Anderson,christiancoleman@example.com,2023-06-30,Bolivia
464,Daniel,Smith,mhill@example.com,2024-07-14,Botswana
465,Benjamin,Moore,hansenronald@example.org,2024-02-18,Greenland
466,David,Sloan,patrickjoseph@example.org,2026-03-05,Cyprus
467,Amber,King,stephenrice@example.org,2025-12-19,Turkmenistan
468,Greg,Castro,monicakim@example.org,2023-11-01,Northern Mariana Islands
469,Brandy,Calderon,maryali@example.com,2024-05-06,Comoros
470,Heather,Mosley,cooperchristopher@example.com,2024-05-22,Ireland
471,Travis,Simon,gmartin@example.net,2023-04-25,Sierra Leone
472,Michael,Cunningham,romanmarissa@example.org,2024-04-12,Mayotte
473,Mary,Allen,tuckeranthony@example.org,2023-07-01,Finland
474,Karen,Harris,petermcpherson@example.com,2025-04-21,Georgia
475,David,Schneider,catherinemathis@example.net,2025-01-18,Equatorial Guinea
476,Tony,Dillon,bryanthelen@example.com,2023-09-08,Slovenia
477,Megan,Williams,mbailey@example.org,2025-04-13,United Kingdom
478,Kristin,Davenport,michael24@example.net,2024-11-29,Egypt
479,Lori,Barnes,omargamble@example.net,2026-02-10,Liechtenstein
480,Melissa,Rogers,mariahlee@example.org,2023-11-01,Bahrain
481,Aaron,Rivera,carljones@example.org,2024-10-29,United States Minor Outlying Islands
482,Tanner,Vance,williamskimberly@example.net,2023-09-19,Heard Island and McDonald Islands
483,Andrew,Harrington,agonzalez@example.net,2024-01-09,Costa Rica
484,Angela,Flynn,oporter@example.net,2023-09-26,American Samoa
485,Debra,Lane,hmoore@example.org,2025-11-27,Netherlands
486,Sarah,Lee,mryan@example.net,2024-12-09,Belgium
487,Ryan,Carr,icarson@example.com,2025-05-11,Georgia
488,Amanda,Williams,tina18@example.net,2023-07-22,Djibouti
489,Tina,Green,ebony93@example.com,2024-05-18,Montenegro
490,Deborah,Andrews,crawfordryan@example.org,2023-08-22,China
491,Isaac,Rodriguez,bethsandoval@example.com,2024-01-06,Panama
492,Michael,Duffy,carrilloronald@example.com,2024-12-09,Aruba
493,Marcia,Jordan,marygriffin@example.com,2024-01-16,Grenada
494,Lisa,Turner,max91@example.org,2024-04-30,French Guiana
495,Lisa,Phillips,xmurray@example.org,2024-07-31,Jordan
496,Sheri,Clark,fordmichaela@example.org,2024-12-26,Montserrat
497,Ashley,Hobbs,gutierreznathan@example.net,2023-12-03,Jersey
498,Gregory,Mccoy,kevin98@example.org,2025-03-12,South Georgia and the South Sandwich Islands
499,Earl,Peterson,gabriel46@example.net,2024-01-08,Comoros
500,James,Mcguire,wandanelson@example.com,2023-04-26,Holy See (Vatican City State)
501,Christine,Garcia,johnwatson@example.org,2023-05-31,Jordan
502,Trevor,Williams,moralesbrittany@example.net,2024-08-06,Comoros
503,Gregory,Hamilton,sdavis@example.org,2025-07-09,Pakistan
504,Rachel,Ayers,ygonzalez@example.org,2025-07-22,Montenegro
505,Megan,Bailey,josephball@example.com,2025-07-09,Latvia
506,Valerie,Hardy,breannaroberts@example.org,2025-12-14,Sierra Leone
507,Barbara,Bowen,timothywilliams@example.org,2024-05-12,Malta
508,Michael,Martin,brittany95@example.net,2024-12-26,Greenland
509,Ryan,Garrett,loriruiz@example.org,2025-10-10,Kazakhstan
510,Shari,White,andersonjeffery@example.net,2024-04-10,Antigua and Barbuda
511,Anthony,Cervantes,moralesamy@example.com,2026-03-14,Luxembourg
512,Jason,Steele,monicamccarthy@example.org,2025-04-26,United Kingdom
513,Lisa,Fritz,mperez@example.org,2024-05-27,Azerbaijan
514,Linda,Hernandez,dwaynebrooks@example.net,2023-04-07,Fiji
515,Theresa,Williamson,kaylee42@example.com,2023-12-31,Malta
516,Paul,Durham,lauren68@example.com,2025-06-14,Venezuela
517,Jesse,Curry,rprince@example.com,2025-08-05,Western Sahara
518,Yolanda,Tate,charleswanda@example.org,2025-09-19,Hong Kong
519,Heather,Yates,martinrebecca@example.com,2025-02-05,Israel
520,Curtis,Lopez,awhite@example.net,2024-06-28,Kazakhstan
521,Michael,Marshall,brittanywilson@example.com,2025-02-04,Dominica
522,Wendy,West,julie44@example.net,2025-11-02,Hong Kong
523,Marilyn,Nguyen,kwu@example.net,2024-03-27,Congo
524,Dwayne,Reed,hunter40@example.com,2024-07-23,Kenya
525,Christopher,Deleon,lynn41@example.com,2025-10-24,Macao
526,Anthony,Davis,phillipsconnor@example.net,2023-08-15,Taiwan
527,Jane,Johnson,katiemclaughlin@example.org,2024-07-05,Yemen
528,Vicki,Stone,tthomas@example.com,2024-11-21,Malta
529,Brian,Acosta,wolfegary@example.net,2024-10-01,Gabon
530,Courtney,Ramos,bradforddebbie@example.net,2023-05-02,Micronesia
531,Kevin,Brown,matthew57@example.com,2025-11-21,Saint Barthelemy
532,Marisa,Hart,beckerjaime@example.org,2025-04-13,Mali
533,Craig,Manning,rcollins@example.net,2023-07-12,Svalbard & Jan Mayen Islands
534,Brandon,George,amanda77@example.net,2025-06-18,Ireland
535,Elizabeth,Greer,afoster@example.net,2024-04-17,Iran
536,Charles,Mayo,krausescott@example.org,2025-05-03,Algeria
537,Carlos,Paul,williammarks@example.net,2025-04-22,Taiwan
538,Sarah,Schmidt,jesushawkins@example.com,2023-07-21,Slovakia (Slovak Republic)
539,Mark,Steele,stephanie53@example.net,2023-04-15,Cote d'Ivoire
540,Heidi,York,isaiah98@example.net,2025-07-29,Guatemala
541,Christopher,Fisher,duncansherry@example.org,2025-05-04,Iceland
542,Jamie,Dixon,agonzalez@example.org,2024-09-27,Chad
543,Jose,Simmons,christopher53@example.net,2023-07-14,Kiribati
544,Sonya,Barnett,susan01@example.net,2024-12-24,Andorra
545,Kevin,Lee,bbrown@example.org,2024-04-27,Equatorial Guinea
546,Christina,Webb,ejohnson@example.com,2025-03-13,Sao Tome and Principe
547,Christopher,Johnson,vmartin@example.com,2024-04-10,Iraq
548,Christopher,Lee,johnnyherrera@example.com,2024-07-21,Guinea
549,Carrie,Saunders,dkelly@example.net,2025-01-08,South Georgia and the South Sandwich Islands
550,Daniel,Hernandez,erogers@example.net,2023-10-08,Vietnam
551,David,Gregory,jacobsmelissa@example.org,2026-02-14,Cambodia
552,Bobby,Dodson,swansonmatthew@example.net,2025-12-12,Cambodia
553,Maria,Wilson,christopher56@example.org,2025-02-28,Oman
554,Dominic,Lynch,garyhart@example.org,2024-04-02,Saint Pierre and Miquelon
555,Melissa,Curtis,jennifer92@example.org,2023-10-29,Costa Rica
556,Garrett,Zimmerman,lisa66@example.com,2024-06-11,Venezuela
557,Vicki,Rojas,nicole51@example.com,2024-08-03,Saint Pierre and Miquelon
558,Cory,Haas,angelawoods@example.org,2024-01-24,Tanzania
559,John,Munoz,tina20@example.org,2024-10-09,Niger
560,Derrick,Sanchez,brianwall@example.com,2023-04-26,Tonga
561,Shaun,Palmer,ogordon@example.net,2025-05-04,Slovenia
562,Kristy,Cooley,xwood@example.net,2026-04-04,Ireland
563,Douglas,White,wwallace@example.net,2024-11-20,Poland
564,Adrienne,Jimenez,houstondonna@example.org,2024-09-14,Mozambique
565,Mary,Martin,patrickchavez@example.net,2023-12-19,Jamaica
566,Travis,Morales,sarahughes@example.org,2025-12-16,Kazakhstan
567,Renee,Holt,dpalmer@example.net,2026-03-14,Lithuania
568,Jamie,Obrien,jcastillo@example.com,2025-05-28,Christmas Island
569,Steven,Willis,rmiller@example.net,2025-06-20,Slovakia (Slovak Republic)
570,Vincent,Clark,showard@example.org,2023-11-29,Guinea
571,Janet,Meyers,jamescontreras@example.com,2024-10-12,Turkmenistan
572,John,Miller,edwin92@example.org,2024-04-04,Gambia
573,Victor,Patton,desireehansen@example.net,2023-04-09,Ecuador
574,Melissa,Lopez,sstevens@example.com,2023-12-17,Western Sahara
575,Jason,Brooks,robert38@example.net,2023-08-24,Panama
576,Brian,Abbott,nathan04@example.org,2024-03-18,Myanmar
577,Julie,Pitts,angela62@example.com,2025-04-18,Kiribati
578,Olivia,Becker,andrew40@example.com,2023-07-12,Senegal
579,Rebecca,Hernandez,jon00@example.net,2025-11-22,Marshall Islands
580,Lindsay,Santos,nathan15@example.org,2023-10-24,Tajikistan
581,Rodney,Wong,tapiatiffany@example.org,2024-02-27,Montenegro
582,Jessica,Park,blacksean@example.net,2024-07-30,Sierra Leone
583,Christy,Howard,samantha83@example.net,2023-08-20,Peru
584,Barbara,Miller,tracy20@example.net,2024-06-08,Cyprus
585,Kevin,Cuevas,colleen63@example.net,2023-09-27,Indonesia
586,Christine,Burton,jonathan23@example.com,2025-11-19,Equatorial Guinea
587,Kimberly,Walker,michaelperez@example.org,2023-08-30,Fiji
588,Sandra,Davis,jjones@example.org,2024-06-02,New Zealand
589,Timothy,Martinez,fdaugherty@example.net,2023-04-16,Sri Lanka
590,Lisa,Rogers,diazelizabeth@example.com,2024-12-22,Holy See (Vatican City State)
591,Sarah,Caldwell,brian10@example.net,2023-05-11,Serbia
592,Brittany,Gutierrez,gjones@example.com,2025-05-10,Philippines
593,Joshua,Bailey,charlesdavid@example.org,2024-08-26,Czech Republic
594,Rickey,Paul,michael79@example.net,2024-02-09,Costa Rica
595,Debra,Bean,zmontgomery@example.com,2025-06-12,United Kingdom
596,Nathaniel,Warner,jasonscott@example.org,2024-03-09,Andorra
597,Christopher,Jackson,john25@example.org,2024-11-01,Congo
598,Kimberly,Edwards,mikayla00@example.net,2025-02-26,Saint Helena
599,Devin,Vaughn,andersonlauren@example.com,2025-08-03,Aruba
600,Tiffany,Marshall,allisonhoffman@example.com,2024-08-02,Austria
601,Lisa,Pennington,nicholasmartinez@example.net,2023-11-20,Venezuela
602,Taylor,Welch,glennsonya@example.com,2025-06-10,French Guiana
603,John,Brewer,william73@example.org,2025-08-15,Montenegro
604,Devin,Jackson,mandyrodriguez@example.org,2025-09-04,Finland
605,Melissa,Henry,qwalker@example.net,2025-12-28,Belgium
606,Cynthia,Richard,ronald76@example.net,2024-07-03,Kuwait
607,Carolyn,Weiss,nguyenwalter@example.org,2024-03-03,Guam
608,Roy,Mccormick,bwood@example.org,2024-08-23,Jordan
609,Edward,Watkins,brandonmullen@example.net,2024-04-27,Bangladesh
610,Raymond,Rivera,donna24@example.com,2025-11-08,Poland
611,Maria,Hernandez,morganrobin@example.com,2023-05-10,Falkland Islands (Malvinas)
612,Jim,Murphy,bryanosborne@example.org,2024-06-20,Niue
613,Linda,Friedman,donald19@example.net,2025-03-05,Cambodia
614,Adam,Weber,wendyshaffer@example.net,2023-09-17,Ireland
615,Becky,Craig,wthompson@example.net,2024-02-01,Costa Rica
616,Ryan,Lewis,crystalcollins@example.org,2023-07-18,El Salvador
617,Andrea,Hooper,jonesisaac@example.com,2025-03-05,Nigeria
618,Richard,Combs,christensenmichael@example.org,2025-07-27,Bahamas
619,Joseph,Stewart,cthompson@example.net,2024-02-18,Malaysia
620,Gregory,Jones,hjoseph@example.net,2025-03-20,Ecuador
621,Scott,Ingram,brandon79@example.com,2023-04-30,Tokelau
622,Kevin,Case,williamsphilip@example.com,2024-05-10,Montserrat
623,Lee,Wells,donald49@example.org,2025-01-28,Belarus
624,Jerry,Daniel,jessica91@example.net,2024-06-15,Gabon
625,Angel,Smith,laura54@example.net,2024-11-22,Ethiopia
626,Jade,Lester,stevenwilson@example.com,2023-08-25,Norway
627,Jacob,Wilkerson,buchananjimmy@example.net,2023-08-14,United States Virgin Islands
628,Gabrielle,Hall,adam59@example.com,2023-06-25,Grenada
629,Matthew,Rubio,stephanie57@example.org,2025-03-05,Vanuatu
630,Michelle,Cobb,jortega@example.com,2024-06-13,Honduras
631,Susan,Stewart,thomas89@example.com,2023-10-01,Swaziland
632,Jesse,Griffith,lisa51@example.com,2024-10-20,Cambodia
633,Marissa,Cuevas,ehicks@example.net,2024-03-12,Palestinian Territory
634,Valerie,Reyes,josephsimon@example.org,2024-05-17,Montenegro
635,Joanne,Garcia,christinacontreras@example.net,2023-04-19,Saint Kitts and Nevis
636,William,Horne,rayjoseph@example.org,2023-09-12,Hungary
637,Abigail,Russo,qmurphy@example.org,2025-05-17,Iceland
638,Andrea,James,john25@example.org,2026-01-27,South Africa
639,Darrell,Matthews,elizabeth92@example.net,2024-03-12,Moldova
640,Carlos,Lucas,rstewart@example.net,2023-08-18,Puerto Rico
641,Stephen,Ross,jameshill@example.com,2024-06-07,Belize
642,Krystal,Walker,cruzmichelle@example.net,2025-10-04,Poland
643,Justin,Blake,colinjohnson@example.net,2025-01-13,Zambia
644,Zachary,Allen,jeffrey02@example.org,2024-09-29,Cocos (Keeling) Islands
645,David,Williams,rochasarah@example.org,2023-11-21,Luxembourg
646,Andrea,Wong,pstanley@example.net,2025-11-26,Madagascar
647,Kristine,Hudson,julie01@example.org,2023-06-03,Saint Pierre and Miquelon
648,Jeremy,Lee,jacksonmary@example.net,2024-02-07,Marshall Islands
649,Chad,Thomas,lisaschultz@example.org,2024-08-29,Tonga
650,Carlos,Stewart,jennifer02@example.org,2024-08-15,Mali
651,Amy,Serrano,lauriepage@example.org,2024-01-11,Niger
652,Christopher,Terry,wrightjessica@example.org,2026-02-05,Saint Barthelemy
653,Peter,Sullivan,kandrade@example.net,2023-05-01,Palau
654,Corey,Gentry,amyjohnston@example.net,2023-08-11,Antarctica (the territory South of 60 deg S)
655,Dominique,Thomas,zclark@example.net,2026-02-03,Azerbaijan
656,Nicholas,Ashley,tvalenzuela@example.org,2024-05-17,Iran
657,Leah,Jones,michelleavila@example.com,2025-12-25,Bahrain
658,Samuel,Martinez,kcole@example.com,2023-05-19,Guernsey
659,Erin,Dodson,jennifer72@example.com,2024-11-13,Hong Kong
660,William,Riley,berrysandy@example.org,2024-10-11,Gambia
661,Mikayla,Pitts,markcoleman@example.com,2025-05-08,Azerbaijan
662,Jason,Brown,gsoto@example.org,2023-10-23,Marshall Islands
663,April,Moses,kelly09@example.org,2023-07-09,Micronesia
664,Luke,Patel,melissa63@example.net,2025-10-17,Dominican Republic
665,Ryan,Jones,sdavis@example.org,2023-06-08,Bangladesh
666,Anna,Fischer,ericluna@example.net,2024-06-14,Gambia
667,Anna,Gilbert,englishgary@example.com,2025-11-20,Armenia
668,Veronica,Carter,turnerdavid@example.net,2025-04-14,Ukraine
669,Brittany,Sullivan,yharper@example.org,2025-11-25,Djibouti
670,Robert,Johnson,barnesandrew@example.com,2023-04-19,Somalia
671,Jessica,Watkins,robinsonshannon@example.com,2025-05-19,Denmark
672,April,Orr,karen04@example.org,2025-07-16,Mozambique
673,Joseph,Black,wallandrea@example.com,2025-01-05,Liechtenstein
674,Margaret,White,thomas08@example.org,2023-05-28,Antarctica (the territory South of 60 deg S)
675,Matthew,Larson,jose74@example.org,2025-08-04,Benin
676,Susan,Fisher,walkerbrenda@example.net,2025-08-22,Puerto Rico
677,Tammy,Allen,patrick30@example.net,2024-01-15,Greece
678,Teresa,Reeves,brownjeffrey@example.net,2024-04-18,Armenia
679,Dillon,Turner,bryan67@example.org,2023-05-25,British Indian Ocean Territory (Chagos Archipelago)
680,Michelle,Henderson,bridgessamantha@example.com,2023-09-25,Greenland
681,Lisa,Saunders,gpowell@example.com,2025-10-20,Australia
682,Michelle,Harvey,darrellswanson@example.com,2025-06-16,El Salvador
683,Thomas,Ortiz,christina18@example.org,2026-03-07,British Indian Ocean Territory (Chagos Archipelago)
684,Jennifer,Marquez,qpeterson@example.com,2025-08-14,Gibraltar
685,Brenda,Lee,vrice@example.net,2025-11-17,Azerbaijan
686,Kyle,Brown,wlandry@example.com,2026-02-11,Nicaragua
687,Gregory,Johnson,aaronstephens@example.net,2025-03-02,Maldives
688,Maurice,Golden,robertroberson@example.com,2024-09-29,Timor-Leste
689,Jose,Brown,ubrown@example.net,2024-04-03,Bermuda
690,Andrea,James,gutierrezbrenda@example.org,2025-04-14,Lesotho
691,Glenn,Hill,scameron@example.com,2025-04-20,Ghana
692,Tanya,Ramirez,baileybrad@example.com,2023-04-25,Malaysia
693,Joel,Stark,jensenamy@example.com,2025-09-18,French Guiana
694,Elizabeth,Dodson,xrodriguez@example.net,2023-06-28,Egypt
695,Caleb,King,qtaylor@example.net,2024-08-27,Saint Pierre and Miquelon
696,Devin,Dixon,hernandezsusan@example.org,2026-02-09,Croatia
697,Jessica,Leblanc,bclarke@example.com,2023-05-18,Cameroon
698,Misty,Norman,danielleferguson@example.com,2025-04-24,Mali
699,Michelle,Hunt,harrydavis@example.com,2024-03-18,Venezuela
700,Jorge,Scott,harnold@example.org,2023-06-12,United States of America
701,Christopher,Brewer,stephanie33@example.net,2025-03-26,Malawi
702,Thomas,Fisher,nicole71@example.net,2023-07-27,Liechtenstein
703,Kimberly,Burton,amartin@example.com,2025-02-13,Sri Lanka
704,Clinton,Miller,beckkenneth@example.net,2026-03-16,Germany
705,Ryan,Ford,jjimenez@example.com,2025-04-30,Papua New Guinea
706,Amy,Jackson,kaiserbrenda@example.net,2024-03-22,Chad
707,Carly,Parsons,thomasmelissa@example.com,2024-02-10,Qatar
708,Taylor,Roberts,saragarcia@example.org,2025-12-16,Cayman Islands
709,Austin,Serrano,agray@example.net,2024-07-22,Montserrat
710,David,Wolf,wallsshawn@example.net,2025-03-08,Uganda
711,Destiny,Aguilar,baldwinjuan@example.org,2025-02-05,Montserrat
712,Alexis,Brady,josephortiz@example.net,2024-09-16,Marshall Islands
713,Theresa,Mcpherson,fbell@example.com,2023-06-15,Papua New Guinea
714,Megan,Washington,tonya21@example.com,2023-07-08,Nicaragua
715,Gregory,Smith,gwendolyn77@example.net,2025-06-15,Andorra
716,Sarah,Hamilton,ysmith@example.net,2024-01-01,Morocco
717,Jacob,Reyes,bpierce@example.com,2023-04-24,Palestinian Territory
718,Ryan,Patel,cunninghamedwin@example.net,2025-08-19,Cook Islands
719,Erin,Porter,regina54@example.net,2024-08-31,Norfolk Island
720,Richard,Montgomery,yolson@example.com,2024-10-15,Iran
721,Paul,Rodriguez,mary60@example.com,2023-04-06,Cyprus
722,Donna,Jones,colton42@example.org,2024-09-04,Venezuela
723,Melissa,Hernandez,khines@example.org,2024-04-09,Fiji
724,Kristin,Taylor,allison07@example.com,2026-02-11,Estonia
725,Jennifer,Santiago,bchaney@example.net,2023-10-01,Colombia
726,Kelly,Hays,hammonddwayne@example.org,2023-05-29,Zimbabwe
727,Jessica,Bass,robinodom@example.org,2024-10-29,Angola
728,Christina,Brown,scott25@example.org,2025-09-30,Wallis and Futuna
729,James,Mercado,stanleyandrew@example.net,2024-05-27,Greenland
730,Rebecca,Fisher,bmoon@example.org,2023-05-11,Kenya
731,John,Johnson,vargasjanice@example.org,2025-07-18,Germany
732,Kimberly,Chang,rclark@example.net,2024-09-21,Puerto Rico
733,Brenda,Matthews,james56@example.org,2026-03-16,Philippines
734,Brittany,Campbell,melaniecarter@example.org,2023-05-21,Croatia
735,Ashley,Harrison,jennifer66@example.net,2023-08-15,Singapore
736,Beverly,Carter,eileenstephens@example.org,2025-02-15,Senegal
737,Andrea,Fuller,katiedavis@example.net,2024-07-16,Yemen
738,Margaret,Kidd,james52@example.com,2024-01-18,Greenland
739,Eric,Thompson,christopherreeves@example.com,2025-03-11,Cambodia
740,Danielle,Reyes,ericpotter@example.org,2023-09-05,Aruba
741,Kevin,Flores,smithdeborah@example.org,2025-08-02,Kazakhstan
742,Melinda,Curtis,daniel01@example.org,2026-01-13,Falkland Islands (Malvinas)
743,Darren,Taylor,james14@example.com,2025-01-06,Albania
744,Tracey,Moore,hailey59@example.net,2023-12-22,Hong Kong
745,Lindsey,Williams,holmesnathaniel@example.net,2024-05-01,Reunion
746,Tony,Maxwell,carterjose@example.com,2024-03-24,Ghana
747,Frank,Cooper,eyoung@example.net,2024-09-14,Pakistan
748,Laura,Trevino,jennifervasquez@example.net,2025-12-18,Barbados
749,Crystal,Stephenson,robert70@example.net,2023-12-31,Netherlands Antilles
750,Joshua,Hammond,wesley98@example.com,2025-09-10,Zambia
751,Shannon,Rogers,raymond13@example.com,2024-11-16,Isle of Man
752,Jasmine,Thompson,michael07@example.org,2026-02-28,Mauritania
753,Robert,Allison,jaclyn66@example.org,2023-04-30,Netherlands Antilles
754,Nicole,Edwards,maddoxdylan@example.net,2025-09-07,Somalia
755,Jason,Scott,gnoble@example.org,2025-06-04,Grenada
756,Christopher,Bates,rachel68@example.com,2025-08-30,India
757,Rick,Kelley,allenbarr@example.com,2025-01-29,Philippines
758,Miranda,Hill,burgesswesley@example.org,2023-04-23,Tunisia
759,Chelsea,Martinez,michaelryan@example.net,2025-06-16,Netherlands
760,Amanda,Conrad,joel55@example.com,2025-02-02,Dominica
761,Nicole,Jordan,alexis49@example.org,2023-05-23,Tajikistan
762,Ryan,Griffin,fullerdennis@example.com,2025-10-08,Libyan Arab Jamahiriya
763,Renee,Wyatt,pvaughn@example.com,2024-07-02,Ireland
764,Heidi,Ellison,danielperry@example.net,2024-02-14,Barbados
765,Dennis,Shah,xlambert@example.org,2023-06-09,Azerbaijan
766,Lori,Robles,younglisa@example.org,2024-05-01,Somalia
767,David,Williams,hayesrodney@example.net,2024-10-01,Peru
768,Donald,Anderson,maciaskelsey@example.com,2025-06-13,Suriname
769,Steven,Wilson,hernandezteresa@example.org,2024-11-07,Heard Island and McDonald Islands
770,Kimberly,Sanchez,natalie04@example.org,2025-02-09,Saint Martin
771,Penny,Howard,patriciaibarra@example.net,2025-09-30,South Africa
772,Juan,Barrett,shahbarry@example.com,2025-05-11,Serbia
773,Victor,Lopez,julie48@example.org,2026-02-10,Barbados
774,Thomas,Hayes,kimberlybell@example.org,2026-03-10,Botswana
775,Vincent,Murphy,batesjohn@example.com,2024-03-23,Jersey
776,Andrea,Moore,braunalicia@example.net,2024-01-11,Mongolia
777,Whitney,French,smarshall@example.net,2025-08-05,Armenia
778,Darren,Velazquez,ttodd@example.net,2023-07-06,Iraq
779,Dalton,Jones,youngmikayla@example.com,2023-05-28,France
780,Sally,Mitchell,freemangary@example.net,2023-12-24,Afghanistan
781,Debra,Walter,guerrerojane@example.org,2024-03-22,Albania
782,Jesse,Tran,fibarra@example.net,2024-06-01,Mongolia
783,Daniel,Roberts,william29@example.net,2026-01-18,Vanuatu
784,Dan,Hays,annette22@example.com,2025-06-19,Panama
785,Dennis,Burgess,ysweeney@example.net,2025-06-25,Malawi
786,Laura,Nelson,alexander22@example.net,2024-06-21,Malaysia
787,Jeffrey,Grimes,terrimartin@example.com,2024-05-28,Norway
788,Laura,Stone,hartmanmark@example.org,2025-07-31,Hong Kong
789,Marisa,Franklin,rodriguezjamie@example.net,2024-01-16,Saint Lucia
790,Ian,Johnson,upoole@example.org,2024-03-14,South Africa
791,Michael,Anderson,olivercynthia@example.com,2026-02-25,Peru
792,Sarah,Gonzales,adam71@example.org,2025-05-13,Swaziland
793,Brenda,Lopez,bauernancy@example.org,2024-07-24,Saint Barthelemy
794,Christopher,Cooper,martinadam@example.com,2024-08-09,Guernsey
795,Jonathon,Davila,mccoycody@example.com,2025-07-22,Syrian Arab Republic
796,Michael,Cain,qharrison@example.com,2023-11-24,Finland
797,Kevin,Martin,chase01@example.com,2024-03-14,Suriname
798,Karen,Bailey,bmontgomery@example.org,2024-10-01,Algeria
799,Charles,Wong,alisonrodriguez@example.net,2024-11-13,Falkland Islands (Malvinas)
800,Jaime,Porter,nicolecarlson@example.org,2024-04-29,Romania
801,Melissa,Monroe,christopheraguirre@example.org,2025-01-04,United Arab Emirates
802,Lisa,Gilbert,jennifersmith@example.net,2024-10-20,Russian Federation
803,Donald,Johnson,donnaramos@example.net,2024-05-24,Malawi
804,Deanna,Nichols,cheryl79@example.org,2024-07-28,Kenya
805,Joshua,Baker,pateljeffrey@example.com,2024-02-17,Fiji
806,Michelle,Vasquez,karenmurray@example.org,2024-01-16,Serbia
807,Jacob,Cook,fitzpatrickjames@example.com,2024-03-23,Cape Verde
808,Alexander,Green,fowlermichaela@example.net,2025-10-03,Sweden
809,Ryan,Simpson,karen25@example.org,2025-12-28,Togo
810,Jessica,Webb,michael89@example.net,2025-08-19,Aruba
811,Gregory,Santos,hernandezrobin@example.com,2025-04-01,Cook Islands
812,Michael,Wilson,kathleenhunt@example.net,2024-11-26,Oman
813,Michele,Thomas,cobbchristopher@example.org,2025-07-14,British Virgin Islands
814,Christine,Morris,bfuentes@example.org,2023-09-06,Bosnia and Herzegovina
815,Matthew,Strong,omccoy@example.com,2025-12-11,Iran
816,John,Ward,vroberts@example.org,2025-09-05,Indonesia
817,Jack,Nelson,lgonzalez@example.net,2025-12-17,Spain
818,Jesse,Jensen,eric53@example.com,2025-05-18,Pakistan
819,Daniel,Jenkins,adamsjacqueline@example.net,2023-12-08,Dominican Republic
820,Sarah,Cox,vnorton@example.com,2023-10-01,Guatemala
821,David,Welch,meadowscarl@example.net,2023-10-14,Oman
822,Deborah,Dalton,plucero@example.com,2024-04-02,British Indian Ocean Territory (Chagos Archipelago)
823,Timothy,Liu,yaguirre@example.com,2023-07-11,Sudan
824,Katie,Marquez,lambertanita@example.com,2023-08-07,Dominican Republic
825,Jonathan,Warren,rebecca86@example.net,2025-08-12,Yemen
826,Karina,Norman,melissapayne@example.com,2024-05-02,Ireland
827,Elizabeth,Sharp,cynthiasmith@example.org,2025-11-08,Poland
828,Cory,Brown,pachecorita@example.org,2024-06-29,Chile
829,Alexandria,Sandoval,ronaldmeyer@example.net,2023-12-27,Mayotte
830,Randy,Castro,huertajacqueline@example.org,2023-10-27,Belarus
831,Tina,Hayes,patrickmckay@example.org,2023-05-13,Gabon
832,Michelle,Martinez,qclark@example.org,2025-04-21,Albania
833,Melissa,Baird,ashley51@example.org,2024-01-13,Sweden
834,Jill,Thompson,audreycraig@example.org,2025-11-10,Japan
835,Dana,Mitchell,antonioroy@example.org,2024-02-23,Monaco
836,Anthony,Powell,cameron58@example.org,2026-03-01,Costa Rica
837,Jose,Vargas,jenniferflynn@example.net,2024-09-20,Western Sahara
838,Karen,White,obridges@example.org,2025-03-17,Saint Kitts and Nevis
839,Devin,Bowen,gtodd@example.com,2025-01-15,Bahamas
840,Amanda,Harris,cruzkayla@example.org,2025-09-30,Malaysia
841,Michelle,Brown,crawfordcynthia@example.net,2023-12-13,Poland
842,Noah,Anderson,mariahdyer@example.net,2024-06-18,Bahamas
843,Pamela,Macdonald,fbarnett@example.net,2024-08-16,Tunisia
844,Richard,Willis,ctorres@example.org,2023-12-31,Micronesia
845,Joshua,Cardenas,ashley89@example.com,2023-12-18,Germany
846,Brendan,Webb,znixon@example.com,2025-04-01,Seychelles
847,Charles,Duncan,grahambrandy@example.net,2023-06-23,French Southern Territories
848,Ashley,Paul,courtneynelson@example.net,2024-12-08,South Africa
849,Caleb,Davidson,adamsanne@example.net,2024-04-10,Palau
850,Shelly,Pena,martinezmichael@example.org,2023-11-11,Bulgaria
851,Amy,Harris,wendy13@example.org,2023-05-24,Saint Helena
852,Rebecca,Garcia,tonyhunt@example.net,2025-03-21,Montenegro
853,Melissa,Mueller,shepherdmark@example.com,2025-10-23,Spain
854,Alexandra,Greene,kathyrivera@example.org,2023-10-01,New Zealand
855,Michael,Joyce,margaretwall@example.com,2026-03-16,Saint Lucia
856,Jason,Everett,breannacollier@example.net,2025-04-10,Indonesia
857,Laura,Miller,pnguyen@example.org,2025-10-19,Togo
858,Randall,Dixon,msmith@example.net,2025-02-15,Comoros
859,Katherine,Wong,adamsmith@example.net,2025-12-29,Malaysia
860,Candice,Randolph,shannon52@example.net,2023-08-08,Marshall Islands
861,Diane,Rice,talexander@example.com,2023-12-29,Netherlands
862,Nicole,Turner,iandaniel@example.net,2023-04-07,Senegal
863,Michael,Johnson,melaniemason@example.com,2024-12-23,Costa Rica
864,Patricia,Collins,davidmcmillan@example.org,2026-03-17,Algeria
865,Gloria,Murray,sharpadam@example.org,2026-02-09,Sudan
866,Paula,Collins,justinjohnson@example.org,2024-10-16,Croatia
867,Crystal,Mcguire,allison44@example.org,2026-03-29,Saint Martin
868,Antonio,Gross,dwilliams@example.org,2024-05-09,Dominican Republic
869,Michael,Ramirez,parsonsmichelle@example.org,2025-04-08,Seychelles
870,Mary,Cook,davidbuckley@example.com,2023-12-23,Cote d'Ivoire
871,Lisa,Glass,julian71@example.com,2025-06-10,Norfolk Island
872,Connie,Guzman,nichole56@example.net,2024-06-17,Australia
873,Steven,Bailey,nataliestone@example.net,2024-11-21,Hungary
874,Laura,Abbott,cherryamber@example.org,2025-09-21,New Zealand
875,Craig,Rodriguez,perrystephen@example.org,2023-07-06,Mexico
876,Laura,Miller,mmiller@example.net,2023-06-14,Algeria
877,John,Thompson,smithjohn@example.org,2024-05-04,Liberia
878,Raymond,Weiss,mcneilmitchell@example.org,2024-12-04,Eritrea
879,Matthew,Torres,vjenkins@example.org,2023-06-30,Malaysia
880,Calvin,Wells,paula04@example.org,2024-07-06,Suriname
881,Andrew,Ellis,david03@example.org,2025-08-10,Sierra Leone
882,Emily,Crawford,marcusjones@example.com,2024-02-22,Qatar
883,Michael,Bowen,edorsey@example.com,2023-07-09,Bolivia
884,Robert,Davila,cindypalmer@example.net,2024-07-29,Christmas Island
885,Brenda,Padilla,pallen@example.org,2024-11-17,Guam
886,Christina,Dean,walkershannon@example.net,2024-07-23,Croatia
887,Nathan,Blackburn,sara76@example.org,2025-07-02,Norfolk Island
888,Shelby,Gibbs,knappshari@example.com,2024-03-30,Iraq
889,Rodney,Santos,andersontracy@example.com,2023-12-24,Ireland
890,Sara,Thomas,ablair@example.org,2024-03-21,Marshall Islands
891,Nathan,Crawford,paulsanders@example.net,2024-10-03,Montenegro
892,Christopher,Romero,omills@example.org,2024-03-01,Jamaica
893,Gregory,Gibbs,aprilrosales@example.org,2023-08-26,Nicaragua
894,Zachary,Ball,paul58@example.org,2026-01-02,French Guiana
895,Samantha,Hunter,julieramos@example.org,2023-09-16,Cook Islands
896,Richard,Stout,april73@example.net,2024-01-31,Cameroon
897,Cheryl,Greene,schwartzjames@example.net,2024-06-29,Botswana
898,Courtney,Johnson,piercedan@example.org,2025-09-06,Jordan
899,Rebecca,Jackson,wernerian@example.com,2023-06-30,Rwanda
900,Jason,Morales,edward33@example.net,2023-12-27,Kyrgyz Republic
901,Jason,Farrell,andrewross@example.net,2024-01-18,Saint Barthelemy
902,Zachary,Singh,michael32@example.net,2023-09-13,Sao Tome and Principe
903,Cynthia,Alvarez,antoniowilliams@example.net,2024-08-08,Reunion
904,Robert,Hunt,rjohnson@example.com,2024-06-11,Aruba
905,Haley,Lee,michael05@example.com,2024-06-07,United States of America
906,Emily,Anderson,cannonandrea@example.org,2025-04-02,Pakistan
907,Claudia,Park,achung@example.net,2023-09-15,Antigua and Barbuda
908,Daniel,Taylor,jaime05@example.net,2024-12-30,Armenia
909,Rita,Mccarty,hamiltonroberta@example.net,2024-09-17,Mali
910,Annette,Anderson,heather83@example.org,2024-03-16,Kyrgyz Republic
911,Amanda,Baxter,jennifer08@example.org,2025-01-10,Holy See (Vatican City State)
912,Emma,Peterson,donnanichols@example.com,2024-12-06,Dominican Republic
913,Brandi,Bradley,ricky35@example.net,2025-06-12,Cuba
914,Jill,Duran,melissawalker@example.org,2024-07-17,Russian Federation
915,Michael,Lyons,oholloway@example.org,2024-01-21,Uganda
916,Antonio,Schwartz,yramirez@example.net,2024-09-28,British Indian Ocean Territory (Chagos Archipelago)
917,Tracy,Logan,michael38@example.com,2025-05-18,Russian Federation
918,Mark,Yu,josephriddle@example.com,2026-01-30,Solomon Islands
919,Tammy,Kelley,blackburnmark@example.org,2023-08-11,Italy
920,Michael,Porter,davisdavid@example.net,2024-09-24,Solomon Islands
921,Diana,George,yerickson@example.net,2025-03-24,Samoa
922,Alyssa,Watts,karenbartlett@example.org,2024-06-03,North Macedonia
923,Steven,Jackson,mbarnes@example.com,2023-10-30,Croatia
924,Erica,Calhoun,faustin@example.org,2023-05-06,Croatia
925,Elizabeth,Moore,alexanderhawkins@example.com,2026-01-03,Sierra Leone
926,Richard,Lee,mwhite@example.org,2025-10-20,Trinidad and Tobago
927,Jeremy,Daniels,floresbryan@example.org,2026-03-07,Iraq
928,Jeffrey,Ford,mariamorales@example.net,2023-05-22,Bosnia and Herzegovina
929,Crystal,Carter,thomasgarcia@example.net,2025-05-12,Central African Republic
930,Nathan,Jones,anthony72@example.net,2025-08-26,Dominica
931,James,Stephens,newmanjeffrey@example.org,2024-09-02,Maldives
932,Lauren,Perry,vblankenship@example.com,2024-09-12,Lithuania
933,Amber,Burton,jacksondaniel@example.net,2025-09-01,Bangladesh
934,Carol,Santos,greed@example.com,2025-02-18,Myanmar
935,Kimberly,Banks,hunter30@example.org,2024-03-20,Palau
936,Aaron,Wells,monique28@example.com,2024-11-22,Kyrgyz Republic
937,Corey,Johns,sarah83@example.net,2025-08-02,Jordan
938,Johnny,Wilson,kyle28@example.org,2025-02-17,Aruba
939,Michelle,Johnson,lisa20@example.org,2023-08-28,Bahrain
940,Karen,Powell,liuvanessa@example.com,2024-10-22,United States Minor Outlying Islands
941,Brett,Barber,barbaragraves@example.net,2025-12-09,Niue
942,Rebecca,Gregory,smithlauren@example.net,2025-01-03,Panama
943,Nicholas,Schultz,jason17@example.com,2024-09-30,Trinidad and Tobago
944,Katherine,Richards,kathleenmoss@example.net,2024-09-28,Honduras
945,Erika,White,cbrown@example.org,2024-06-24,Hong Kong
946,Lisa,Whitehead,garciapamela@example.net,2023-05-31,Luxembourg
947,Heather,Burton,lopezrobert@example.net,2023-05-07,China
948,Shannon,Rivers,perkinsdeborah@example.com,2023-06-26,Holy See (Vatican City State)
949,Whitney,Johnson,heather77@example.com,2024-07-17,Mayotte
950,John,Poole,mhayden@example.org,2025-09-22,Libyan Arab Jamahiriya
951,Charles,Gonzalez,ffitzpatrick@example.org,2023-07-02,Central African Republic
952,Sara,Ball,stevengordon@example.net,2025-02-07,Korea
953,Andrew,Heath,lopezanthony@example.com,2023-12-18,Maldives
954,Jordan,Ellis,crystal48@example.net,2024-08-24,Bahamas
955,Katie,Smith,vryan@example.net,2024-01-09,Belize
956,Kim,Cain,amy25@example.com,2023-10-01,South Georgia and the South Sandwich Islands
957,Michael,Thomas,kathryn06@example.net,2025-04-16,Wallis and Futuna
958,Chelsey,Wilson,sshannon@example.org,2024-02-01,Papua New Guinea
959,Kevin,Finley,jessicaward@example.net,2026-03-11,Bahamas
960,Dennis,Duarte,matthew70@example.com,2023-11-11,Burkina Faso
961,Brian,Ramos,michael16@example.org,2025-06-25,Gambia
962,Johnny,Sanders,nwilliams@example.net,2023-07-27,Australia
963,William,Arellano,roberttorres@example.com,2023-08-08,Czech Republic
964,Daniel,Campbell,millssusan@example.org,2025-10-03,Germany
965,Anna,Vargas,meltonamy@example.org,2026-03-16,Falkland Islands (Malvinas)
966,Nicholas,Duffy,charles09@example.net,2023-11-19,Senegal
967,James,Jones,zware@example.org,2023-11-12,Morocco
968,Katherine,Callahan,drakevictor@example.net,2025-04-13,Austria
969,Corey,Glenn,harrisonamanda@example.com,2024-12-19,Bahrain
970,Alan,Chang,evelyn62@example.net,2024-01-05,Cook Islands
971,Daniel,Pollard,eddiecummings@example.com,2025-08-28,Dominican Republic
972,Emily,Cobb,lisablankenship@example.org,2024-07-09,Saint Martin
973,Bethany,Weiss,vanessacarlson@example.com,2025-10-24,Morocco
974,Donald,Barr,krystal58@example.com,2026-01-21,Namibia
975,Whitney,Jackson,tarcher@example.org,2024-09-07,Indonesia
976,Jason,Rodriguez,thart@example.net,2024-07-18,Guinea
977,Kathy,Winters,bcunningham@example.org,2025-05-28,Iran
978,Steven,Reyes,kristieaguirre@example.com,2025-01-27,Nepal
979,Dustin,Bell,jamessanders@example.org,2025-03-04,Poland
980,Brian,Berry,cummingsernest@example.org,2024-06-12,Puerto Rico
981,Stephen,Alvarado,geraldkeller@example.net,2024-03-16,Paraguay
982,Christopher,Strickland,lcrane@example.net,2025-02-07,Estonia
983,Travis,Banks,eduardoturner@example.org,2025-05-09,Latvia
984,Ashlee,Hester,daringreen@example.org,2023-06-30,Central African Republic
985,Susan,Callahan,randydecker@example.org,2024-11-23,Equatorial Guinea
986,Gary,Johnson,jennifergreene@example.com,2025-06-13,Malta
987,Pamela,Howell,callahananthony@example.net,2024-02-13,Saint Pierre and Miquelon
988,Shannon,Griffin,weaverkatie@example.com,2024-07-28,El Salvador
989,Erika,Holmes,dmccormick@example.net,2025-01-02,Uganda
990,James,Moore,xlong@example.com,2024-05-16,Antigua and Barbuda
991,Sheryl,Obrien,johnsonbetty@example.com,2024-02-29,Niger
992,Patrick,Thompson,andrew62@example.net,2026-03-25,Saint Kitts and Nevis
993,Amanda,Parker,jessicapatterson@example.org,2023-10-16,Luxembourg
994,Eric,Harris,dsmith@example.org,2023-07-17,Peru
995,Lisa,Santos,kherrera@example.org,2023-04-21,French Polynesia
996,Erin,Malone,lisarogers@example.net,2025-11-28,Solomon Islands
997,Stephanie,Hunt,gilbertmariah@example.com,2026-01-08,Guyana
998,Edward,Macdonald,brandy70@example.com,2023-07-07,Svalbard & Jan Mayen Islands
999,Eric,Cox,jeremynunez@example.net,2026-01-24,Israel
1000,Brandon,Lopez,glenn28@example.org,2023-11-05,Philippines
1001,Rachel,Butler,granthale@example.org,2025-07-09,Kazakhstan
1002,Timothy,Meyers,tracyreid@example.org,2023-09-29,Honduras
1003,Steven,Williams,heather53@example.com,2025-05-11,Gabon
1004,Heather,Roberts,xwilliams@example.org,2025-09-23,Maldives
1005,Jeffrey,Dickerson,nelsonmatthew@example.org,2023-06-18,Tuvalu
1006,Oscar,Lewis,lauriecunningham@example.com,2024-11-27,Cyprus
1007,Christian,Hess,williamspatricia@example.net,2024-08-20,Mongolia
1008,Timothy,Garner,kevinhanna@example.net,2024-09-17,Poland
1009,Daniel,Steele,nataliemcdonald@example.com,2024-02-14,Algeria
1010,Jeffrey,Shaw,fosterstephen@example.net,2024-04-25,France
1011,Megan,Smith,kjames@example.net,2024-08-22,Somalia
1012,Candice,Dickerson,leelawrence@example.net,2023-10-31,Ireland
1013,Gerald,Gillespie,mitchell69@example.com,2026-03-28,Spain
1014,John,Wright,robert84@example.org,2025-03-18,Samoa
1015,Jason,Dennis,pcameron@example.com,2025-07-03,Brunei Darussalam
1016,Julia,Rodriguez,katie35@example.org,2024-11-26,Yemen
1017,Angela,Burke,shaunsilva@example.com,2025-06-22,Indonesia
1018,Katie,Nielsen,jfrancis@example.org,2023-09-17,Niue
1019,Pamela,Marshall,tharrison@example.org,2024-01-05,Philippines
1020,Casey,Kennedy,kenneth58@example.org,2025-03-11,Moldova
1021,Raymond,Jennings,tony59@example.com,2024-12-30,Netherlands Antilles
1022,Kevin,Clark,robin08@example.com,2023-06-26,Saint Martin
1023,Jacob,Davis,misty06@example.org,2023-04-12,Yemen
1024,Andrew,Walton,shaun02@example.net,2023-11-13,Iraq
1025,Terri,Russell,lindsay06@example.net,2023-06-15,Cote d'Ivoire
1026,Theresa,Barker,aliciamathews@example.com,2023-05-27,Kyrgyz Republic
1027,Michelle,Murphy,john02@example.com,2024-01-10,Monaco
1028,James,Hendricks,anna50@example.net,2023-09-04,Niue
1029,Craig,Harrison,gatesjessica@example.org,2025-04-28,Greece
1030,Sarah,Morton,dmiller@example.org,2024-04-21,United Kingdom
1031,Marcia,Munoz,jorge18@example.org,2024-09-14,Estonia
1032,Holly,Cooper,jeremyjohnson@example.com,2024-10-09,Brunei Darussalam
1033,Billy,Shields,zgreen@example.org,2025-10-21,Mayotte
1034,Dorothy,Hayden,pcurry@example.net,2023-06-20,Northern Mariana Islands
1035,Scott,Martinez,mcdonaldellen@example.org,2025-04-30,South Georgia and the South Sandwich Islands
1036,Jennifer,Stevens,jennifer39@example.net,2026-02-19,Azerbaijan
1037,Robert,Jackson,stuartluke@example.org,2024-12-10,Madagascar
1038,Timothy,Ward,victorschwartz@example.com,2025-01-04,Turkmenistan
1039,Johnny,Henderson,xadams@example.org,2023-06-28,Liechtenstein
1040,Amy,Lam,holly29@example.net,2026-03-08,Georgia
1041,Stanley,Williams,cindywilson@example.org,2024-02-26,Benin
1042,Joel,Palmer,jackhayes@example.com,2024-10-30,Gabon
1043,Kristi,Wallace,ethompson@example.com,2025-06-15,Sudan
1044,Patrick,Cabrera,richard91@example.org,2023-08-10,Cyprus
1045,Ashley,Williams,vsullivan@example.net,2026-01-09,Guam
1046,Darius,Johnson,oherrera@example.org,2026-04-03,Lao People's Democratic Republic
1047,Larry,Powell,mckeeshirley@example.net,2026-03-21,Haiti
1048,Heather,Suarez,wilkinstoni@example.com,2025-08-21,Liechtenstein
1049,Jeremy,Hudson,sdavis@example.net,2025-01-15,Svalbard & Jan Mayen Islands
1050,Rebecca,Cook,morrisongregory@example.org,2025-07-28,Rwanda
1051,Denise,Neal,ismith@example.com,2025-07-21,Zimbabwe
1052,Lonnie,Moss,timothyhernandez@example.org,2025-04-30,Guam
1053,Jason,Douglas,katie92@example.org,2025-10-03,Norway
1054,David,Mcmahon,hamptonharry@example.com,2026-03-21,Botswana
1055,Cristina,Smith,fyang@example.com,2024-11-26,Burkina Faso
1056,Anna,Weaver,stephensdavid@example.net,2025-04-11,Jamaica
1057,Jill,Rodgers,ericjones@example.org,2024-06-03,Central African Republic
1058,Frank,Webb,jamesmolina@example.org,2024-06-28,Mali
1059,Stephanie,Webb,brownpamela@example.com,2023-08-05,Maldives
1060,Christopher,Mcguire,gary85@example.net,2023-11-28,Liberia
1061,Cynthia,Carlson,lreyes@example.org,2025-12-14,Greece
1062,Dawn,Santos,cballard@example.org,2026-02-07,Cuba
1063,Beth,Willis,fosterrichard@example.net,2024-04-01,Nauru
1064,Carol,Frey,afloyd@example.com,2025-03-22,Svalbard & Jan Mayen Islands
1065,Sara,Benson,colemandebra@example.org,2025-11-03,Sri Lanka
1066,Colin,Garcia,calebsilva@example.org,2023-05-28,Puerto Rico
1067,Brian,Rios,barrymegan@example.com,2023-05-24,Saint Pierre and Miquelon
1068,Hailey,Valdez,brenda78@example.com,2023-07-19,Latvia
1069,Justin,Smith,thomaspatricia@example.org,2024-06-11,Saint Pierre and Miquelon
1070,Kathryn,Thomas,xlewis@example.com,2023-09-19,Bolivia
1071,Brian,Anderson,isalazar@example.org,2025-09-21,British Virgin Islands
1072,Brittany,Montoya,jsimmons@example.org,2024-07-27,Syrian Arab Republic
1073,Melinda,Parker,ashleymiller@example.org,2023-10-21,Zimbabwe
1074,Eric,Kelly,jonathan17@example.org,2026-01-19,Grenada
1075,Sandra,Moore,charlescortez@example.net,2025-06-11,Slovenia
1076,Mark,Smith,bryantcaitlin@example.com,2023-07-21,Seychelles
1077,Carmen,Snyder,lortiz@example.org,2024-11-12,Cyprus
1078,Adam,Diaz,michaeljensen@example.org,2024-01-21,Argentina
1079,Walter,Smith,acunningham@example.org,2023-10-18,Oman
1080,Elizabeth,Evans,brendamartinez@example.com,2023-10-12,Mali
1081,Ashley,Mckee,david99@example.org,2024-11-06,Solomon Islands
1082,Arthur,Donovan,douglasnash@example.net,2024-05-06,Cyprus
1083,Deborah,Moore,browningbenjamin@example.org,2023-12-03,Papua New Guinea
1084,Richard,Rocha,john35@example.com,2023-09-17,Niger
1085,Brian,Lindsey,michaelmcdonald@example.com,2025-06-22,Azerbaijan
1086,Joseph,Ward,kochkaren@example.org,2024-10-08,Nigeria
1087,Craig,Hawkins,amy04@example.org,2023-11-24,Honduras
1088,Justin,Stephens,colemanbrian@example.net,2025-12-03,Saint Vincent and the Grenadines
1089,Zachary,Garcia,santoslauren@example.org,2023-12-22,Serbia
1090,Stephanie,Anderson,rosalesnicholas@example.com,2025-03-05,Heard Island and McDonald Islands
1091,Tracy,Walker,rhammond@example.org,2025-02-11,Portugal
1092,Joshua,Peterson,nbush@example.org,2023-09-12,Bhutan
1093,Laura,Martinez,marquezbeth@example.net,2026-01-19,Sudan
1094,Lisa,Massey,bblanchard@example.org,2024-02-01,Ireland
1095,Brittany,Barber,frankmontgomery@example.org,2025-07-13,Namibia
1096,Michelle,Gregory,hilljohn@example.com,2025-10-22,Greenland
1097,Richard,Peck,kayla04@example.com,2026-01-21,Venezuela
1098,William,Saunders,kferguson@example.net,2025-08-22,Guam
1099,Daniel,Brown,gmitchell@example.net,2023-04-30,Saint Helena
1100,Robert,Lam,yochoa@example.org,2025-10-23,Korea
1101,Jonathon,Williams,harrisonscott@example.com,2024-11-09,Tokelau
1102,Jason,Watson,robert17@example.com,2025-10-26,Madagascar
1103,Joseph,Quinn,bonnieschmidt@example.org,2023-05-04,Luxembourg
1104,Jamie,Mcdonald,parkermichael@example.net,2024-08-27,Tajikistan
1105,Lisa,Lowe,amyryan@example.org,2025-07-09,Venezuela
1106,Russell,Sims,jason44@example.net,2024-10-26,Dominican Republic
1107,Danielle,Smith,bowmanmichael@example.com,2024-11-28,Turkey
1108,Lori,Nichols,barbara44@example.org,2023-09-19,Venezuela
1109,Susan,Durham,dthomas@example.net,2025-09-15,Guadeloupe
1110,Christine,Santos,caitlin72@example.org,2025-07-06,Falkland Islands (Malvinas)
1111,Wesley,Henry,vanessahorton@example.net,2024-04-21,Fiji
1112,Teresa,Henderson,robynjohnston@example.org,2024-01-11,Finland
1113,Jennifer,Rose,christophercherry@example.org,2025-01-16,Cuba
1114,Sherri,Moyer,ctran@example.net,2025-01-05,Cook Islands
1115,Kristen,Hammond,teresabraun@example.org,2025-01-01,Marshall Islands
1116,Jeffrey,Jones,hernandezmichael@example.org,2025-05-09,Sierra Leone
1117,Jennifer,Gutierrez,reneemorrison@example.net,2025-06-06,Faroe Islands
1118,Kimberly,Garner,kchase@example.com,2024-08-13,Djibouti
1119,Amanda,Russell,desiree86@example.net,2023-07-27,Haiti
1120,Brian,Eaton,phyllis04@example.org,2024-01-26,Tokelau
1121,Tina,Lee,pschroeder@example.org,2024-02-20,Thailand
1122,Tyler,Cochran,myerszoe@example.net,2024-07-15,Morocco
1123,Thomas,Nguyen,hamiltonchristina@example.net,2024-03-20,French Polynesia
1124,Steven,Thompson,bakerbrian@example.org,2025-12-17,Isle of Man
1125,Catherine,Kelley,rebecca65@example.org,2024-10-22,Cote d'Ivoire
1126,Andrea,Knight,marybest@example.net,2025-12-02,Bouvet Island (Bouvetoya)
1127,Shelly,Bennett,robinmacdonald@example.net,2025-03-07,Maldives
1128,Alexander,Jackson,rking@example.com,2024-10-06,Grenada
1129,Matthew,Alvarado,navarromorgan@example.com,2025-02-28,New Caledonia
1130,Kathryn,Brown,johnsonfrederick@example.org,2023-12-28,United Kingdom
1131,Amy,May,deborahclark@example.net,2024-10-28,French Southern Territories
1132,Ashley,Snow,masonquinn@example.com,2026-01-12,Sierra Leone
1133,Noah,Ortiz,jkim@example.com,2025-04-24,Chad
1134,Jared,Hull,eddieyoung@example.org,2025-07-09,Belgium
1135,Nathan,Morris,tboyle@example.com,2024-08-09,Gambia
1136,Katherine,Rogers,griffinchristian@example.net,2025-02-05,Guinea
1137,Brooke,Parks,julie07@example.com,2024-01-02,Cambodia
1138,Christopher,Whitaker,michael52@example.com,2025-05-09,Tokelau
1139,Ann,Walsh,haileyrodriguez@example.net,2023-05-22,Lebanon
1140,Beth,Jones,lcollins@example.com,2024-02-25,Mexico
1141,Helen,Lopez,chloepowell@example.com,2024-06-12,Antarctica (the territory South of 60 deg S)
1142,Tyler,Morgan,omartinez@example.net,2024-05-01,Namibia
1143,Brandon,Khan,ashleylopez@example.org,2024-07-28,Comoros
1144,Heather,Wilson,anthonybaker@example.org,2025-03-02,Saint Martin
1145,Samantha,Gardner,ashleysharon@example.net,2025-10-26,Monaco
1146,Brittany,Beck,jennifergonzalez@example.org,2025-08-31,Chad
1147,Dean,White,danthony@example.com,2025-10-18,Colombia
1148,Aaron,Hughes,katherine51@example.net,2024-06-04,Mexico
1149,Kimberly,Hanson,edwardtorres@example.org,2025-08-25,Czech Republic
1150,Michael,Morgan,bmiller@example.net,2025-08-16,Slovakia (Slovak Republic)
1151,Daniel,Delgado,perkinsholly@example.org,2024-02-29,Algeria
1152,Jennifer,Houston,anthony22@example.com,2024-03-31,Liberia
1153,Christie,Griffith,angela31@example.net,2025-11-21,Sierra Leone
1154,Michael,Mills,pmarsh@example.net,2025-09-29,Guinea
1155,Catherine,Arias,shawtamara@example.net,2023-05-13,Syrian Arab Republic
1156,Christina,Phillips,perrylori@example.net,2024-01-28,Montenegro
1157,Kenneth,Sampson,snorton@example.com,2023-10-07,Moldova
1158,David,Sandoval,lmccullough@example.org,2023-09-02,Aruba
1159,Timothy,Gonzalez,lrodriguez@example.com,2023-09-21,Japan
1160,Kirsten,Sutton,andersondouglas@example.org,2024-05-04,China
1161,Christy,Johnson,john62@example.com,2024-04-29,Peru
1162,Kathryn,Cobb,kimberly38@example.org,2024-04-07,Moldova
1163,Alicia,Schwartz,carolhenderson@example.com,2024-08-30,Brazil
1164,Natalie,Beck,tylerkennedy@example.com,2025-07-16,Turkmenistan
1165,Marcus,James,williamhall@example.com,2024-10-14,Ghana
1166,Haley,Harper,michealsmith@example.net,2023-07-17,United Kingdom
1167,Meghan,Griffin,cristina21@example.net,2023-07-30,Oman
1168,Kaitlyn,Hall,stephaniehaney@example.com,2023-07-18,Malawi
1169,Michael,Bryan,adamlee@example.com,2023-05-31,British Virgin Islands
1170,Zachary,Simmons,randallsmith@example.com,2025-08-20,Papua New Guinea
1171,Alison,Fitzpatrick,jeffrey31@example.net,2025-12-24,Greece
1172,Mitchell,Walters,ryancannon@example.net,2023-07-07,Kenya
1173,Rebecca,Pineda,tamarawagner@example.net,2025-08-15,Iran
1174,Amanda,Espinoza,xmcdonald@example.org,2025-03-24,Guinea
1175,Valerie,Stevens,paceeric@example.net,2026-03-22,Cambodia
1176,Nicole,Rangel,zacharywells@example.org,2025-02-13,Azerbaijan
1177,William,Richardson,mary04@example.org,2025-08-22,Czech Republic
1178,Nicholas,Miller,troyvelasquez@example.com,2023-06-02,Kyrgyz Republic
1179,Michael,Wilson,vsanchez@example.net,2024-11-20,Falkland Islands (Malvinas)
1180,Richard,Bennett,danielmcdowell@example.net,2024-05-21,Thailand
1181,Adam,Lester,richardsonmegan@example.com,2023-04-13,Lao People's Democratic Republic
1182,Joshua,Friedman,bowerschristopher@example.net,2023-07-15,Trinidad and Tobago
1183,Steven,Flores,uholt@example.net,2024-09-12,Montserrat
1184,Duane,Rivera,mayermichaela@example.org,2024-10-10,Netherlands Antilles
1185,Emily,Johns,kellyhughes@example.com,2025-02-13,Armenia
1186,Shane,Malone,wwilson@example.com,2023-06-19,Egypt
1187,Spencer,Castro,eporter@example.com,2023-09-26,British Virgin Islands
1188,John,York,lwong@example.net,2024-07-20,Portugal
1189,Morgan,Farmer,kyle75@example.com,2025-06-13,Malawi
1190,Kyle,Hernandez,qwalton@example.com,2025-07-12,United States of America
1191,Mary,Padilla,andrea46@example.com,2025-05-28,Madagascar
1192,Dana,English,robertwatson@example.com,2025-08-12,Guam
1193,Rodney,Thomas,yherrera@example.com,2024-11-17,French Polynesia
1194,Shannon,Gordon,angelahickman@example.com,2023-04-30,Lebanon
1195,April,Carter,eugene15@example.org,2025-07-22,Korea
1196,Amanda,Everett,tiffany74@example.net,2023-06-23,Turkmenistan
1197,Carmen,Andrews,fmartin@example.com,2024-07-02,Sweden
1198,Riley,Smith,kristenromero@example.org,2025-08-11,Kyrgyz Republic
1199,Katie,Logan,lopezashley@example.org,2025-11-05,Somalia
1200,Stephen,Stephens,schmidtjessica@example.org,2026-04-04,Malawi
